{"uid":"98d3104e051c652961429bf95fa0b5d6","name":"suites","children":[{"name":"tests","children":[{"name":"test_case","children":[{"name":"创建新的标签","uid":"6f6d8fc20b8f3aa8","parentUid":"3568ef47ee5ecb01e944e080f33797a3","status":"passed","time":{"start":1719467970754,"stop":1719467970769,"duration":15},"flaky":false,"newFailed":false,"newPassed":false,"newBroken":false,"retriesCount":0,"retriesStatusChange":false,"parameters":["[2781650387984]"],"tags":[]}],"uid":"3568ef47ee5ecb01e944e080f33797a3"}],"uid":"e387fa4bb326b54ea8c19c2822aba374"}]}