{"uid":"ab17fc5a4eb3bca4b216b548c7f9fcbc","name":"timeline","children":[{"name":"DESKTOP-S5H94PU","children":[{"name":"23608-MainThread","children":[{"name":"创建新的标签","uid":"6f6d8fc20b8f3aa8","parentUid":"a687bea86125e4834f79a4b59c4d7a6b","status":"passed","time":{"start":1719467970754,"stop":1719467970769,"duration":15},"flaky":false,"newFailed":false,"newPassed":false,"newBroken":false,"retriesCount":0,"retriesStatusChange":false,"parameters":["[2781650387984]"],"tags":[]}],"uid":"a687bea86125e4834f79a4b59c4d7a6b"}],"uid":"7b7c89b959e0f872078103923464492d"}]}