{
  "uid" : "83edc06c07f9ae9e47eb6dd1b683e4e2",
  "name" : "packages",
  "children" : [ {
    "name" : "tests.test_case",
    "children" : [ {
      "name" : "创建新的标签",
      "uid" : "f12e70a75ad0484e",
      "parentUid" : "3c7c3677fda4916c93fc9e10878d8719",
      "status" : "failed",
      "time" : {
        "start" : 1697970634363,
        "stop" : 1697970635422,
        "duration" : 1059
      },
      "flaky" : false,
      "newFailed" : false,
      "newPassed" : false,
      "newBroken" : false,
      "retriesCount" : 0,
      "retriesStatusChange" : false,
      "parameters" : [ "[2996952358928]" ]
    } ],
    "uid" : "tests.test_case"
  } ]
}