{"uid":"b1a8273437954620fa374b796ffaacdd","name":"behaviors","children":[{"name":"码尚教育自动化测试系统","children":[{"name":"北凡默认模块","children":[{"name":"标签功能","children":[{"name":"创建新的标签","uid":"352e3b75c7e79e6d","parentUid":"6d2f74af48bc53c00b790eb6f6b6ded4","status":"passed","time":{"start":1719468154134,"stop":1719468154166,"duration":32},"flaky":false,"newFailed":false,"newPassed":false,"newBroken":false,"retriesCount":0,"retriesStatusChange":false,"parameters":["[1601596143424]"],"tags":[]}],"uid":"6d2f74af48bc53c00b790eb6f6b6ded4"}],"uid":"58ece2213e39f3f695290b568ef3ebcd"}],"uid":"847ee19996e9c1a7a3d521549fe9eac7"}]}