{"uid":"ab17fc5a4eb3bca4b216b548c7f9fcbc","name":"timeline","children":[{"name":"DESKTOP-S5H94PU","children":[{"name":"26392-MainThread","children":[{"name":"创建新的标签","uid":"352e3b75c7e79e6d","parentUid":"1ab07d8f77efe54bab27112ce47392f4","status":"passed","time":{"start":1719468154134,"stop":1719468154166,"duration":32},"flaky":false,"newFailed":false,"newPassed":false,"newBroken":false,"retriesCount":0,"retriesStatusChange":false,"parameters":["[1601596143424]"],"tags":[]}],"uid":"1ab07d8f77efe54bab27112ce47392f4"}],"uid":"7b7c89b959e0f872078103923464492d"}]}