{
  "uid" : "83edc06c07f9ae9e47eb6dd1b683e4e2",
  "name" : "packages",
  "children" : [ {
    "name" : "tests.test_case",
    "children" : [ {
      "name" : "创建新的标签",
      "uid" : "5acc551417691bc9",
      "parentUid" : "3c7c3677fda4916c93fc9e10878d8719",
      "status" : "failed",
      "time" : {
        "start" : 1697974787840,
        "stop" : 1697974804657,
        "duration" : 16817
      },
      "flaky" : false,
      "newFailed" : false,
      "newPassed" : false,
      "newBroken" : false,
      "retriesCount" : 0,
      "retriesStatusChange" : false,
      "parameters" : [ "[1718310526864]" ]
    } ],
    "uid" : "tests.test_case"
  } ]
}