{
  "uid" : "83edc06c07f9ae9e47eb6dd1b683e4e2",
  "name" : "packages",
  "children" : [ {
    "name" : "tests.test_case",
    "children" : [ {
      "name" : "创建新的标签",
      "uid" : "bbb01a0f77d63641",
      "parentUid" : "3c7c3677fda4916c93fc9e10878d8719",
      "status" : "failed",
      "time" : {
        "start" : 1697972078849,
        "stop" : 1697972078959,
        "duration" : 110
      },
      "flaky" : false,
      "newFailed" : false,
      "newPassed" : false,
      "newBroken" : false,
      "retriesCount" : 0,
      "retriesStatusChange" : false,
      "parameters" : [ "[2857055852304]" ]
    } ],
    "uid" : "tests.test_case"
  } ]
}