{"196753408a9f15c4ac4b98d7fdbac3c7":{"statistic":{"failed":0,"broken":1,"skipped":0,"passed":0,"unknown":0,"total":1},"items":[{"uid":"40683e0f48315cd1","status":"broken","statusDetails":"requests.exceptions.ConnectionError: HTTPConnectionPool(host='47.107.116.139www.baidu.com', port=80): Max retries exceeded with url: / (Caused by NameResolutionError(\"<urllib3.connection.HTTPConnection object at 0x000002476200A7B0>: Failed to resolve '47.107.116.139www.baidu.com' ([Errno 11001] getaddrinfo failed)\"))","time":{"start":1719467911210,"stop":1719467911233,"duration":23}}]},"bde14bb1f76035c4574b0faca1a97405":{"statistic":{"failed":0,"broken":0,"skipped":0,"passed":1,"unknown":0,"total":1},"items":[{"uid":"a18c161d37d6e5b1","status":"passed","time":{"start":1719467911173,"stop":1719467911207,"duration":34}}]}}