{"uid":"b1a8273437954620fa374b796ffaacdd","name":"behaviors","children":[{"name":"码尚教育自动化测试系统","children":[{"name":"北凡默认模块","children":[{"name":"北凡默认功能","children":[{"name":"请求百度","uid":"abd68b68d372846d","parentUid":"3add5de01970450b544f18f504501d24","status":"broken","time":{"start":1719466392405,"stop":1719466393476,"duration":1071},"flaky":false,"newFailed":false,"newPassed":false,"newBroken":false,"retriesCount":0,"retriesStatusChange":false,"parameters":["[1453774818720]"],"tags":[]}],"uid":"3add5de01970450b544f18f504501d24"}],"uid":"58ece2213e39f3f695290b568ef3ebcd"}],"uid":"847ee19996e9c1a7a3d521549fe9eac7"}]}