{"uid":"4b4757e66a1912dae1a509f688f20b0f","name":"categories","children":[{"name":"Test defects","children":[{"name":"AttributeError: 'Response' object has no attribute ''","children":[{"name":"请求百度","uid":"abd68b68d372846d","parentUid":"883809ad31428032545293a2277abbaf","status":"broken","time":{"start":1719466392405,"stop":1719466393476,"duration":1071},"flaky":false,"newFailed":false,"newPassed":false,"newBroken":false,"retriesCount":0,"retriesStatusChange":false,"parameters":["[1453774818720]"],"tags":[]}],"uid":"883809ad31428032545293a2277abbaf"}],"uid":"bdbf199525818fae7a8651db9eafe741"}]}