{"uid":"98d3104e051c652961429bf95fa0b5d6","name":"suites","children":[{"name":"tests","children":[{"name":"test_case","children":[{"name":"请求百度","uid":"abd68b68d372846d","parentUid":"3568ef47ee5ecb01e944e080f33797a3","status":"broken","time":{"start":1719466392405,"stop":1719466393476,"duration":1071},"flaky":false,"newFailed":false,"newPassed":false,"newBroken":false,"retriesCount":0,"retriesStatusChange":false,"parameters":["[1453774818720]"],"tags":[]}],"uid":"3568ef47ee5ecb01e944e080f33797a3"}],"uid":"e387fa4bb326b54ea8c19c2822aba374"}]}