{"uid":"ab17fc5a4eb3bca4b216b548c7f9fcbc","name":"timeline","children":[{"name":"DESKTOP-S5H94PU","children":[{"name":"18508-MainThread","children":[{"name":"请求百度","uid":"abd68b68d372846d","parentUid":"6b14a940e3f08d1105d815828ab5d4f1","status":"broken","time":{"start":1719466392405,"stop":1719466393476,"duration":1071},"flaky":false,"newFailed":false,"newPassed":false,"newBroken":false,"retriesCount":0,"retriesStatusChange":false,"parameters":["[1453774818720]"],"tags":[]}],"uid":"6b14a940e3f08d1105d815828ab5d4f1"}],"uid":"7b7c89b959e0f872078103923464492d"}]}