{
  "uid" : "83edc06c07f9ae9e47eb6dd1b683e4e2",
  "name" : "packages",
  "children" : [ {
    "name" : "tests.test_case",
    "children" : [ {
      "name" : "创建新的标签",
      "uid" : "52e83cf8685f624e",
      "parentUid" : "3c7c3677fda4916c93fc9e10878d8719",
      "status" : "passed",
      "time" : {
        "start" : 1698310076440,
        "stop" : 1698310076546,
        "duration" : 106
      },
      "flaky" : false,
      "newFailed" : false,
      "newPassed" : false,
      "newBroken" : false,
      "retriesCount" : 0,
      "retriesStatusChange" : false,
      "parameters" : [ "[2037484609552]" ]
    } ],
    "uid" : "tests.test_case"
  } ]
}