{
  "uid" : "ab17fc5a4eb3bca4b216b548c7f9fcbc",
  "name" : "timeline",
  "children" : [ {
    "name" : "WIN-9LOCHGPR767",
    "children" : [ {
      "name" : "2320-MainThread",
      "children" : [ {
        "name" : "创建新的标签",
        "uid" : "52e83cf8685f624e",
        "parentUid" : "db9c164720a4b257aa4e566cd3151fa3",
        "status" : "passed",
        "time" : {
          "start" : 1698310076440,
          "stop" : 1698310076546,
          "duration" : 106
        },
        "flaky" : false,
        "newFailed" : false,
        "newPassed" : false,
        "newBroken" : false,
        "retriesCount" : 0,
        "retriesStatusChange" : false,
        "parameters" : [ "[2037484609552]" ]
      } ],
      "uid" : "db9c164720a4b257aa4e566cd3151fa3"
    } ],
    "uid" : "0a8165c269f1572f7a84b81e5230db76"
  } ]
}