{
  "uid" : "b1a8273437954620fa374b796ffaacdd",
  "name" : "behaviors",
  "children" : [ {
    "name" : "码尚教育自动化测试系统",
    "children" : [ {
      "name" : "北凡默认模块",
      "children" : [ {
        "name" : "标签功能",
        "children" : [ {
          "name" : "创建新的标签",
          "uid" : "bfa6526317eee48e",
          "parentUid" : "6d2f74af48bc53c00b790eb6f6b6ded4",
          "status" : "passed",
          "time" : {
            "start" : 1697975169098,
            "stop" : 1697975169212,
            "duration" : 114
          },
          "flaky" : false,
          "newFailed" : false,
          "newPassed" : false,
          "newBroken" : false,
          "retriesCount" : 0,
          "retriesStatusChange" : false,
          "parameters" : [ "[1895117267280]" ]
        } ],
        "uid" : "6d2f74af48bc53c00b790eb6f6b6ded4"
      } ],
      "uid" : "58ece2213e39f3f695290b568ef3ebcd"
    } ],
    "uid" : "847ee19996e9c1a7a3d521549fe9eac7"
  }, {
    "name" : "验证UI的用例",
    "uid" : "457c799ef704b1a7",
    "parentUid" : "b1a8273437954620fa374b796ffaacdd",
    "status" : "passed",
    "time" : {
      "start" : 1697975169215,
      "stop" : 1697975181087,
      "duration" : 11872
    },
    "flaky" : false,
    "newFailed" : false,
    "newPassed" : false,
    "newBroken" : false,
    "retriesCount" : 0,
    "retriesStatusChange" : false,
    "parameters" : [ ]
  } ]
}