{
  "uid" : "83edc06c07f9ae9e47eb6dd1b683e4e2",
  "name" : "packages",
  "children" : [ {
    "name" : "tests.test_case",
    "children" : [ {
      "name" : "创建新的标签",
      "uid" : "bfa6526317eee48e",
      "parentUid" : "3c7c3677fda4916c93fc9e10878d8719",
      "status" : "passed",
      "time" : {
        "start" : 1697975169098,
        "stop" : 1697975169212,
        "duration" : 114
      },
      "flaky" : false,
      "newFailed" : false,
      "newPassed" : false,
      "newBroken" : false,
      "retriesCount" : 0,
      "retriesStatusChange" : false,
      "parameters" : [ "[1895117267280]" ]
    } ],
    "uid" : "tests.test_case"
  }, {
    "name" : "test_1_验证UI的用例",
    "children" : [ {
      "name" : "验证UI的用例",
      "uid" : "457c799ef704b1a7",
      "parentUid" : "df9f71188fcff8286e6f22efca4d7734",
      "status" : "passed",
      "time" : {
        "start" : 1697975169215,
        "stop" : 1697975181087,
        "duration" : 11872
      },
      "flaky" : false,
      "newFailed" : false,
      "newPassed" : false,
      "newBroken" : false,
      "retriesCount" : 0,
      "retriesStatusChange" : false,
      "parameters" : [ ]
    } ],
    "uid" : "df9f71188fcff8286e6f22efca4d7734"
  } ]
}