{
  "uid" : "98d3104e051c652961429bf95fa0b5d6",
  "name" : "suites",
  "children" : [ {
    "name" : "tests",
    "children" : [ {
      "name" : "test_case",
      "children" : [ {
        "name" : "创建新的标签",
        "uid" : "bfa6526317eee48e",
        "parentUid" : "3568ef47ee5ecb01e944e080f33797a3",
        "status" : "passed",
        "time" : {
          "start" : 1697975169098,
          "stop" : 1697975169212,
          "duration" : 114
        },
        "flaky" : false,
        "newFailed" : false,
        "newPassed" : false,
        "newBroken" : false,
        "retriesCount" : 0,
        "retriesStatusChange" : false,
        "parameters" : [ "[1895117267280]" ]
      } ],
      "uid" : "3568ef47ee5ecb01e944e080f33797a3"
    } ],
    "uid" : "e387fa4bb326b54ea8c19c2822aba374"
  }, {
    "name" : "test_1_验证UI的用例",
    "children" : [ {
      "name" : "Sheet",
      "children" : [ {
        "name" : "验证UI的用例",
        "uid" : "457c799ef704b1a7",
        "parentUid" : "b406e8a7ecb4cb188e1844cf61e9e384",
        "status" : "passed",
        "time" : {
          "start" : 1697975169215,
          "stop" : 1697975181087,
          "duration" : 11872
        },
        "flaky" : false,
        "newFailed" : false,
        "newPassed" : false,
        "newBroken" : false,
        "retriesCount" : 0,
        "retriesStatusChange" : false,
        "parameters" : [ ]
      } ],
      "uid" : "b406e8a7ecb4cb188e1844cf61e9e384"
    } ],
    "uid" : "2282ca0a374109dba816825dcca5a397"
  } ]
}