{
  "uid" : "83edc06c07f9ae9e47eb6dd1b683e4e2",
  "name" : "packages",
  "children" : [ {
    "name" : "tests.test_case",
    "children" : [ {
      "name" : "创建新的标签",
      "uid" : "92148f59835ab9b9",
      "parentUid" : "3c7c3677fda4916c93fc9e10878d8719",
      "status" : "passed",
      "time" : {
        "start" : 1698300258018,
        "stop" : 1698300258069,
        "duration" : 51
      },
      "flaky" : false,
      "newFailed" : false,
      "newPassed" : false,
      "newBroken" : false,
      "retriesCount" : 0,
      "retriesStatusChange" : false,
      "parameters" : [ "[2515512137872]" ]
    } ],
    "uid" : "tests.test_case"
  } ]
}