{"uid":"b1a8273437954620fa374b796ffaacdd","name":"behaviors","children":[{"name":"码尚教育自动化测试系统","children":[{"name":"北凡默认模块","children":[{"name":"标签功能","children":[{"name":"创建新的标签","uid":"a18c161d37d6e5b1","parentUid":"6d2f74af48bc53c00b790eb6f6b6ded4","status":"passed","time":{"start":1719467911173,"stop":1719467911207,"duration":34},"flaky":false,"newFailed":false,"newPassed":false,"newBroken":false,"retriesCount":0,"retriesStatusChange":false,"parameters":["[2505581171472]"],"tags":[]}],"uid":"6d2f74af48bc53c00b790eb6f6b6ded4"},{"name":"北凡默认功能","children":[{"name":"1","uid":"40683e0f48315cd1","parentUid":"3add5de01970450b544f18f504501d24","status":"broken","time":{"start":1719467911210,"stop":1719467911233,"duration":23},"flaky":false,"newFailed":false,"newPassed":false,"newBroken":false,"retriesCount":0,"retriesStatusChange":false,"parameters":["[2505612022400]"],"tags":[]}],"uid":"3add5de01970450b544f18f504501d24"}],"uid":"58ece2213e39f3f695290b568ef3ebcd"}],"uid":"847ee19996e9c1a7a3d521549fe9eac7"}]}