{"uid":"4b4757e66a1912dae1a509f688f20b0f","name":"categories","children":[{"name":"Test defects","children":[{"name":"requests.exceptions.ConnectionError: HTTPConnectionPool(host='47.107.116.139www.baidu.com', port=80): Max retries exceeded with url: / (Caused by NameResolutionError(\"<urllib3.connection.HTTPConnection object at 0x000002476200A7B0>: Failed to resolve '47.107.116.139www.baidu.com' ([Errno 11001] getaddrinfo failed)\"))","children":[{"name":"1","uid":"40683e0f48315cd1","parentUid":"d0cdc3e0d2cb7ea3ae1d573ffc6254fd","status":"broken","time":{"start":1719467911210,"stop":1719467911233,"duration":23},"flaky":false,"newFailed":false,"newPassed":false,"newBroken":false,"retriesCount":0,"retriesStatusChange":false,"parameters":["[2505612022400]"],"tags":[]}],"uid":"d0cdc3e0d2cb7ea3ae1d573ffc6254fd"}],"uid":"bdbf199525818fae7a8651db9eafe741"}]}