{"uid":"83edc06c07f9ae9e47eb6dd1b683e4e2","name":"packages","children":[{"name":"tests.test_case","children":[{"name":"创建新的标签","uid":"a18c161d37d6e5b1","parentUid":"3c7c3677fda4916c93fc9e10878d8719","status":"passed","time":{"start":1719467911173,"stop":1719467911207,"duration":34},"flaky":false,"newFailed":false,"newPassed":false,"newBroken":false,"retriesCount":0,"retriesStatusChange":false,"parameters":["[2505581171472]"],"tags":[]},{"name":"1","uid":"40683e0f48315cd1","parentUid":"3c7c3677fda4916c93fc9e10878d8719","status":"broken","time":{"start":1719467911210,"stop":1719467911233,"duration":23},"flaky":false,"newFailed":false,"newPassed":false,"newBroken":false,"retriesCount":0,"retriesStatusChange":false,"parameters":["[2505612022400]"],"tags":[]}],"uid":"tests.test_case"}]}