{"uid":"98d3104e051c652961429bf95fa0b5d6","name":"suites","children":[{"name":"tests","children":[{"name":"test_case","children":[{"name":"创建新的标签","uid":"a18c161d37d6e5b1","parentUid":"3568ef47ee5ecb01e944e080f33797a3","status":"passed","time":{"start":1719467911173,"stop":1719467911207,"duration":34},"flaky":false,"newFailed":false,"newPassed":false,"newBroken":false,"retriesCount":0,"retriesStatusChange":false,"parameters":["[2505581171472]"],"tags":[]},{"name":"1","uid":"40683e0f48315cd1","parentUid":"3568ef47ee5ecb01e944e080f33797a3","status":"broken","time":{"start":1719467911210,"stop":1719467911233,"duration":23},"flaky":false,"newFailed":false,"newPassed":false,"newBroken":false,"retriesCount":0,"retriesStatusChange":false,"parameters":["[2505612022400]"],"tags":[]}],"uid":"3568ef47ee5ecb01e944e080f33797a3"}],"uid":"e387fa4bb326b54ea8c19c2822aba374"}]}