{"uid":"ab17fc5a4eb3bca4b216b548c7f9fcbc","name":"timeline","children":[{"name":"DESKTOP-S5H94PU","children":[{"name":"24156-MainThread","children":[{"name":"创建新的标签","uid":"a18c161d37d6e5b1","parentUid":"a10b4a0f615db1120cb5833e4a94c6f9","status":"passed","time":{"start":1719467911173,"stop":1719467911207,"duration":34},"flaky":false,"newFailed":false,"newPassed":false,"newBroken":false,"retriesCount":0,"retriesStatusChange":false,"parameters":["[2505581171472]"],"tags":[]},{"name":"1","uid":"40683e0f48315cd1","parentUid":"a10b4a0f615db1120cb5833e4a94c6f9","status":"broken","time":{"start":1719467911210,"stop":1719467911233,"duration":23},"flaky":false,"newFailed":false,"newPassed":false,"newBroken":false,"retriesCount":0,"retriesStatusChange":false,"parameters":["[2505612022400]"],"tags":[]}],"uid":"a10b4a0f615db1120cb5833e4a94c6f9"}],"uid":"7b7c89b959e0f872078103923464492d"}]}