{
  "total" : 2,
  "items" : [ {
    "uid" : "e387fa4bb326b54ea8c19c2822aba374",
    "name" : "tests",
    "statistic" : {
      "failed" : 1,
      "broken" : 0,
      "skipped" : 0,
      "passed" : 0,
      "unknown" : 0,
      "total" : 1
    }
  }, {
    "uid" : "2282ca0a374109dba816825dcca5a397",
    "name" : "test_1_验证UI的用例",
    "statistic" : {
      "failed" : 0,
      "broken" : 0,
      "skipped" : 0,
      "passed" : 1,
      "unknown" : 0,
      "total" : 1
    }
  } ]
}